"해외유학설계지원기관명","해외유학설계상품명","언어기준내용","성적기준내용","소득제한내용","자격제한내용","특정자격내용","추천필요내용","최대지원내용","선발방법내용","홈페이지주소","학자금유형구분","해외유학설계학과구분","해외유학학교구분","해외유학학년구분"
"한미교육위원단","교수/전문가 장학 프로그램","※ 기관확인필요","해당없음","해당없음","○ 지원서 제출 시점 기준 최근 6년간 미국에 5년 이상 연속적으로 체류한 자○ 본인의 기존 논문 및 연구 성과의 유사성이 높은 연구를 계획하는 지원자○ 풀브라이트 J1비자 발급에 결격 사유가 있는 자○ 과거 5년 내 미국 정부 교류 프로그램에 참여하거나 장학금을 수혜한 경험이 있는 자※ 자세한 사항은 첨부파일 또는 홈페이지 참고","○ 대한민국 국민으로서 미국 이중국적자나 미국 영주권자가 아닌 지원자○ 박사 학위 소지자○ 국내 4년제 대학에 재직 중인 전임 교수 또는 정규직 경력이 7년 이상인 국내 기관에 재직 중인 전문가○ 지원 시점부터 장학금 개시 시점까지(출국일 기준) 한국에 거주 할 수 있는 지원자※ 자세한 사항은 첨부파일 또는 홈페이지 참고","○ 지원자가 계획한 분야의 강의 및 연구 수행 여부를 평가할 수 있는 3명의 추천인 필요","○ 생활비 : 월 $3164~$4805○ 가족수당 : 1인 동반 가족 월 $240 / 2인 이상 동반 가족 월 $419 지급 ○ 정착비 : $1393○ 연구비 : $1285○ 미국무부 의료보험 : 연간 $100000 상당 혜택 (본인만)○ 국제항공권 (본인만)※ 자세한 사항은 첨부파일 또는 홈페이지 참고","○ 면접 심사위원회의 추천에 따라 수혜후보자를 선발한 후 모든 심사결과를 풀브라이트 장학금 수여에 관한 최종 결정권을 가지고 있는 미국의 풀브라이트 헤외장학이사회에 제출하여 최종승인을 받음○ 서류전형 합격자를 대상으로 면접 또는 모의강의를 진행하며    모든 평가는 영어로 이루어짐","https://www.fulbright.or.kr","기타지역연고","공학계열교육계열사회계열예체능계열의약계열인문계열자연계열제한없음","대학(박사)","박사과장취득자박사과정"
"한미교육위원단","포스트닥 장학 프로그램","○ 영어 가능자 (모든 평가가 영어로 이루어짐)","해당없음","해당없음","○ 연구 기간이 6개월 미만인 자○ 지원서 제출 시점 기준 최근 6년간 미국에 5년 이상 연속적으로 체류한 자○ 다른 기관의 후원 또는 개인적 이유로 장학금 개시 시점 이전에 조기 출국을 예정하고 있는 지원자○ 본인의 기준 논문 및 연구 주제/목적/방법과 유사성이 높은 연구를 계획하는 지원자※ 자세한 사항은 첨부파일 또는 홈페이지 참고","○ 대한민국 국민으로 미국 이중국적자나 미국 영주권자가 아닌 지원자○ 지원 시점 기준 4년 이내 국내대학에서 박사학위를 취득한 지원자○ 우수한 연구 성과를 보유한 자○ 원활한 폴브라이트 j1 비자 발급을 위해 장학금 수혜 시작일 3개월 전부터 한국에 거주할 수 있는 지원자※ 자세한 사항은 첨부파일 또는 홈페이지 참고","○ 지원자가 계획한 분야의 강이 및 연구 수행 여부를 평가할 수 있는 3명의 추천인 필요","○ 생활비 : 월 $3164~$4805○ 정착비 : $1393○ 연구비 : $3000○ 미국무부 의료보험 : 연간 $100000 상당 혜택 (본인만)○ 왕복 국제항공권 (본인만)○ 귀국 수하물 지원 : 최대 $500※ 자세한 사항은 첨부파일 또는 홈페이지 참고","○ 면접 심사위원회의 추천에 따라 수혜후보자를 선발한 후 모든 심사결과를 풀브라이트 장학금 수여에 관한 최종 결정권을 가지고 있는 미국의 풀브라이트 해외장학이사회에 제출하여 최종승인을 받음","https://www.fulbright.or.kr","기타","공학계열교육계열사회계열예체능계열의약계열인문계열자연계열제한없음","대학(박사)","박사과장취득자"
"한미교육위원단","대학원 장학 프로그램","□ 2026년 2월까지 유효한  TOEFL iBT 또는 IELTS 점수 소지자□ 2026년 2월까지 유효한 GRE GENERAL 또는 GMAT 점수 소지자","□ 4년제 대학 기졸업자 또는 2026년 2학기 학사학위 취득 예정자□ 학위 과정별 전학년 평균학적 (3.0/4.0~3.375/4.5)이상인 자","해당없음","□ 이공계 제외한 모든 전공분야 지원가능(이공계 첨단분야 대학원 장학프로그램 지원 가능)□ 풀브라이트 온라인 지원서 제출시점에 미국에 체류중인 자□ 지원서 제출 시점 기준 최근 6년간 미국에 5년 이상 연속적으로 체류한 자※ 자세한 사항은 기관 홈페이지 참조","□ 대한민국 국민으로 미국 이중국적자 혹은 영주권 소유자가 아닌 지원자□ 남성의 겨우 유학 직전까지 군복무를 필하거나 면제받은자","□ 교수 혹은 직장 상사 등 3명의 추천 필요※ 자세한 사항은 기관 홈페이지 참조","□ 1년차 최대 $45000 □ 2년차 최대 $45000□ 생활비 월 $2831~4300※ 자세한 사항은 기관 홈페이지 참조","※ 자세한 사항은 기관 홈페이지 참조","https://www.fulbright.or.kr","기타","공학계열교육계열사회계열예체능계열의약계열인문계열자연계열제한없음","대학(석사)","석사학위 취득자"
"한미교육위원단","이공계 첨단분야 대학원 장학 프로그램","□ 2026년 2월까지 유효한 TOEFL iBT 88점 또는     IELTS Academic 6.5 이상 점수 소지자□ 2025년 2월까지 GRE General 또는 GMAT 점수 소지자※ 자세한 사항은 기관 홈페이지 참조","□ 지원일 기준 학부 및 대학원 학위 과정별 전학년 평균학점 기준을 충족한 지원자 (3.0/4.0  3.225/4.3  3.375/4.5 이상)","해당없음","□ 풀브라이트 온라인 지원서 제출 시점 기준 최근 6년간 미국에 5년 이상 연속적으로 체류한 자□ 풀브라이트 온라인 지원서 제출 시점 미국에 체류중인 자□ 풀브라이트 J1 비자 발급에 결격 사유가 있는 자□ 소지한 학위와 동일한 수준의 학위 과정에 지원하는 자※ 자세한 사항은 기관 홈페이지 참조","□ 대한민국 국민 (미국 이중국적자 혹은 미국 영주권 소유자가 아닌 지원자)□ 남성의 경우 유학 직전까지 군복무를 필하거나 면제받은 자로 장학생 선발과정이 요구하는 모든 절차에 응할 수 있는 지원자□ 4년제 대학 기졸업자 또는 2026년 2월 학사학위 취득 예정자□ 이공계(STEM) 전분야 진학 예정자※ 자세한 사항은 기관 홈페이지 참조","□ 지원자의 학문적 능력이나 업무능력을 평가할 수 있는 교수 혹은 직장 상사 등 3명의 추천인으로 구성된 영문 추천서 필요","□ 학비 및 생활비  ㅇ 1년차 최대 $45000 (최소금액 $20000 보장) ㅇ 2년차 최대 $45000 (최소금액 $20000 보장)생활비 : 월 $2831 ~ $4300 지급※ 자세한 사항은 기관 홈페이지 참조","□ 면접 심사위원회의 추천에 따라 수혜후보자를 선발한 후 모든 심사결과를 풀브라이트 장학금 수여에 관한 최종 결정권을 가지고 있는 미국의 해외장학이사회에 제출하여 최종승인","https://www.fulbright.or.kr","기타","공학계열자연계열","대학(박사)대학(석사)","박사과정석사1학년석사신입생"
"일본정부(문부과학성)","연구 유학생","○ 적극적으로 일본어를 학습하고자 하는 의욕이 있는 자","○ 최종 학력 GPA 성적이 3.0점 만점 2.3 이상○ 일본의 대학 졸업 또는 졸업예정자와 동등한 자격을 가진 자","해당없음","○ 일본 입국 시 또는 장학금 지급 기간에 현역 군인 또는 군속인 자○ 과거 일본 정부 장학금 유학생이었던 자○ 일본 정부 장학금 제도 중 다른 프로그램과 중복 신청한 자○ 신청시 이미 유학 재류 자격으로 일본 대학 등에 재적 중인 자○ 2025년 9월에 휴학 예정인 자○ 일본에 3년 이상 재류한 자※ 자세한 사항은 첨부파일 참조","○ 1991년 4월 2일 이후 출생한 대한민국 국적을 가진 자○ 정규생으로 대학원 석사/박사 과정 또는 전문직 학위 과정에 재학하는 자○ 비정규생으로 대학의 학부 및 대학원 또는 대학의 부설 연구소 등에서 전문 분야에 대한 연구를 하는 자○ 이공계 분야가 아닌 분야(문과계/의치한약계)를 희망하는 자 ※ 자세한 사항은 첨부파일 참조","○ 재적 대학 또는 최종 출신 대학의 장 또는 담임 교원의 추천","○ 일본 입국 여비 및 귀국 여비 지급○ 매월 약 143000엔~145000엔 지급○ 대학의 입학금·수업료 및 입학 검정료※ 자세한 사항은 첨부파일 참조","○ 필기 시험 및 면접 시험","https://www.kr.embjapan.go.jp","기타","공학계열교육계열사회계열예체능계열의약계열인문계열자연계열제한없음","대학(석사)","석사1학년석사2학년 이상석사신입생"
"일본정부(문부과학성)","교원연수유학생","□ 일본어 및 영어 필기시험","해당없음","해당없음","□ 현역 군인 또는 군속인 자는 출국일(도일)까지 군적을 이탈할 것이 분명한 경우에 응모 가능하며 원서 제출 시 퇴역 예정일을 명기한 서류를 함께 제출할 것. 또한 응모 이후 제1차 선발 합격자 발표일까지 관할 기관이 발행한 퇴역 증명서 또는 퇴역 예정 증명서를 제출해야 하므로 미리 준비할 것※ 자세한 사항은 첨부파일 참조","□ 대한민국 국적 소지자로서 1989년 4월 2일 이후에 출생한 자□ 대학교 졸업 이상인 국/공/사립 초중등 교원으로 2024년 10월 1일 기준 교직경력이 5년 이상인 자※ 자세한 사항은 첨부파일 참조","□ 각 소속 학교장으로부터 추천을 받아 관할 시도교육청에서 본 원에 후보자를 추천□ 추천 대상 ㅇ 교육 경력 5년 이상의 교육 경험이 있는 현직 초중등 교육 기관의 현직 교원 ㅇ 소속학교장 및 시도교육청 추천을 받은 자 ㅇ 자격증(교과) 및 직무와 관련이 있는 분야에서 연수/연구하려는 자","□ 장학금 ㅇ 일본 입국 후 월 143000엔 지급 ㅇ 특정 지역에서 수학/연구하는 자에게는 월 2000엔 또는 3000엔을 월 단위로 가산□ 교육비 ㅇ 대학 입학금 수업료 및 입학 검정료는 문부과학성이 부담","□ 추천 대상자 선정 > 필기시험(일본어 및 영어) > 면접시험","해당없음","기타","의약계열인문계열","대학(박사)대학(석사)","박사과정석사1학년석사2학년 이상석사신입생석사학위 취득자학사학위 취득자"
"울릉군인재육성재단","ESL과정 지원금","○ 울릉고등학교 졸업생 중  ESL 과정을 수료한 자","해당없음","해당없음","○ 보호자가 울릉군 관외로 거주지 이전○ 첨부서류가 허위로 작성 제출한 경우○ 장학생이 퇴학하였거나 출석정지 이상의 징계처분을 받았을 때","○ 공고일 현재 보호자의 주민등록이 울릉군 내에 있어야 함○ 울릉고등학교 졸업생 중 ESL 과정을 수료한 자","해당없음","○ 수강료 : 500만원○ 생활안정지원금 : 800만원","해당없음","http://www.ulleungjh.or.kr","지역연고","공학계열교육계열사회계열예체능계열의약계열인문계열자연계열","고등학교","고등3학년"
"울릉군인재육성재단","해외대학 입학지원금","해당없음","해당없음","해당없음","○ 보호자가 울릉군 관외로 거주지 이전○ 첨부서류가 허위로 작성 제출한 경우○ 장학생이 퇴학하였거나 출석정지 이상의 징계처분을 받았을 때※ 자세한 사항은 기관 홈페이지 참조","○ 입학지원금/생활안정지원금 : 울릉고등학교 졸업생 중     해외대학에 입학한 자○ 학자금지원금 : 해외 대학(교) 교육과정 학기별 이수자","해당없음","○ 입학지원금 300만원(입학 시 1회)○ 생활안정지원금 500만원(학기별 4회 지원)○ 학자금 지원금 300만원(학기별 4회 지원)","해당없음","http://www.ulleungjh.or.kr","지역연고","공학계열교육계열사회계열예체능계열의약계열인문계열자연계열제한없음","대학(4년제)","대학신입생"
"(재)일주학술문화재단","해외박사 장학생","해당없음","해당없음","해당없음","□ 국외 영주권자나 이중국적 보유자는 제외","□ 해외 우수 대학원 박사과정(Phd) 입학허가를 받은 신입생   (입학확정 허가를 의미하며 조건부 입학은 인정되지 않음)□ 대한민국 국적 보유자※ 위의 2가지 요건 모두 충족시 지원가능","해당없음","□ 1인당 총 USD 12만 불 (5년 이내 8학기 지원)□ 입학 출국/ 졸업 귀국 시 항공료 총 2회 지원□ 연구보조금 지원 (노트북 구입비 등 학습비 지원)□ 해외박사 동문 네트워킹 프로그램※ 박사과정/통합과정 기간 동일/ 교내 지원금에 따른 감액규정 없음","□ 서류 및 학술연구심사 후 면접","https://www.iljufoundation.org/homepage/index.do","기타","공학계열교육계열사회계열예체능계열의약계열인문계열자연계열제한없음","대학(박사)","박사과정"
"목암과학장학재단","해외유학생","해당없음","해당없음","해당없음","□ 인문/사회/예술/체육 등 전공 선발 제외□ 교환학생/ 석사후 연구원/ 국내 소재 외국대학 제외※ 자세한 사항은 첨부파일 참고 바랍니다.","□ 이·공·의학 분야 해외 유학생□ 대학민국 국적으로 해외 대학의 당해년도 진학이 확정된 연구자 또는 재학 중인 연구자(학사/석사/박사/박사후 연구원)","□ 지도교수 추천 (선택)","□ USD 10000※ 한화로 지급시 장학금 지급일 기준 매매기준율 적용","□ 1단계 : 사무국 서류심사 □ 2단계 : 이사회 서류심사","http://www.mogamfoundation.or.kr","기타","공학계열교육계열사회계열예체능계열의약계열인문계열자연계열제한없음","대학(4년제)대학(박사)대학(석사)","대학1학년대학2학년대학3학년대학4학년 이상대학신입생박사과장취득자박사과정석사1학년석사2학년 이상석사신입생석사학위 취득자학사학위 취득자"
"(재)앨트웰민초장학재단","해외유학 장학생","※ 기관확인필요","□ 전년도 학업성취 부진하면 중도탈락 가능","해당없음","※ 기관확인필요","□ 재단의 장학생으로서 대학졸업자 또는 졸업예정자□ 남성의 경우 병역필 또는 면제자□ 미국 대학원에서 인문·사회 계열 전공으로 입학허가를 받거나     받기로 예정된 자□ 국가관이 투철하고 미국에서 석사 또는 박사 학위를 취득한 후     귀국하여 국가·사회에 기여하고자 하는 자","해당없음","□ 매년 3천만원※ 최장 3년(석사과정) 내지 5년(석박사과정)","□ 1차 서류□ 2차 면접","https://www.mincho.or.kr","기타","사회계열인문계열","대학(박사)대학(석사)","박사과정석사1학년석사2학년 이상석사신입생"
"생명보험협회","해외박사과정 생명보험사회공헌장학생","해당없음","□ 학부 및 석사과정 성적이 우수한 자","해당없음","□ 타 장학생 선발(수혜)자 및 장학생 자격유지자는 신청불가※ 본 장학생으로 선발된 자가 교내 장학금   (성적우수장학금/TA·RA 장학금 등)을 수령하는 경우는 예외로 함","□ 해외 주요대학의 보험관련 전공 박사과정 재학생 및    2025년도 하반기 입학확정자/2026년도 입학예정자□ 대한민국 국적자(주민등록상 해외이주 신고자·영주권자 제외)□ 생명보험 관련 논문 발표자/보험계리사 자격소지자 등 우대","□ 지도교수 추천 필요","□ 지원금액 : 1인당 연간 최대 7천만원(등록금 + 생활비)을     최대 4년간 지급 등록금 : 납입고지서에 따른 실비 / 생활비 등 : 월 USD2000※ 장학생이 학교에서 지급하는 장학금(성적우수장학금/TA·RA)을     받은 경우 해당 장학금(수업료에 한함)의 50%를 추가로 지급※ 매학기 심사를 통해 지원여부 결정","□ 서류 심사 및 면접 심사","http://www.klia.or.kr","기타","특정학과","대학(박사)","박사과정석사학위 취득자"
"사회복지법인미래에셋박현주재단","해외교환장학생","※ 기관확인필요","□ 직전학기와 총평점이 모두 3.0/4.5 만점(2.87/4.3 만점) 이상인 자","□ 20251학기 학적(재학/휴학) 상태에 따라 지정학기의    한국장학재단 소득분위 '기초8분위 이내'인 자","□ 현재(20251학기) 해외 대학에 이미 파견되어 수학 중인 자□ 과거 모교(편입생의 경우 전적대학)의 정규학기에 교환학생     성격의 해외 파견 경험이 있는 자(전적대학 성적표를 통해 확인)","□ 대학민국 국적이며 4년제 국내 정규대학에 재학중인 학부생으로     이공/상경/인문사회 계열 전공자※ 20251학기 휴학생 지원가능    (교환학생으로 파견되는 20252학기는 모교 재학 등록 필수)※ 자세한 사항은 첨부파일 참조","해당없음","□ 미주/유럽/기타 : 750만원□ 아시아 : 550만원(한 학기 지원)","□ 서류 심사 및 온라인 영상면접","https://foundation.miraeasset.com","기타","공학계열교육계열사회계열인문계열자연계열","대학(4년제)","대학1학년대학2학년대학3학년대학4학년 이상"
"(재)심명문화재단","해외문화탐방 지원 장학생","해당없음","○ 한국장학재단 소득분위 8분위 이내","해당없음","○ 건강상 이유로 정상적 탐방 활동이 어렵다고 판단되는 자○ 해외여행에 결격사유가 있는 자○ 파란사다리/글로벌현장학습/west 프로그램에 이미 참여한 학생○ 해외탐방 종료 후 3주내 탐방결과 보고를 하지 않을 경우 지원금 정산과 반납조치","○ 대학 재학생○ 해외여행 결격사유가 없는 자○ 대한민국 국적인 자","○ 지도교수 추천","○ 팀당 1000만원 한도 내 지원 ","○ 서류 심사 및 단체면접 심사 (서류심사 50점 / 면접심사 50점)","해당없음","기타","공학계열교육계열사회계열예체능계열의약계열인문계열자연계열제한없음","대학(4년제)","대학1학년대학2학년대학3학년대학4학년 이상"
"(재)협성문화재단","해외탐방 드림트립","해당없음","해당없음","해당없음","□  해외여행에 결격 사유가 있는 자□  모든 일정(발대식·워크샵·소모임 등)에 참석할 수 없는 자","□  만 19세~29세의 부산·울산·경남 거주자※ 협성장학생의 경우 타 지역 거주자도 지원 가능","해당없음","□ 아일랜드 항공권 및 숙박비 지원 (매년 탐방장소는 상이함)□ 워크샵 및 소모임 지원","□ 서류 심사 및 면접 심사","http://hscf.co.kr","지역연고","공학계열교육계열사회계열예체능계열의약계열인문계열자연계열제한없음","대학(4년제)전문대(2~3년제)","대학1학년대학2학년대학3학년대학4학년 이상대학신입생학사학위 취득자"
"사천시인재육성장학재단","해외문화탐방장학생","해당없음","해당없음","해당없음","□ 장기치료 중이거나 건강상의 이유로 정상적인 탐방활동이     어렵다고 판단되는 자□ 해외여행에 결격사유가 있는 자","□ 사천시 관내 고등학교 출신 대학생으로서 보호자(부 또는 모)가       모집 공고일 기준 1년 이상 사천시에 거주하고 있는 자","□ 지도교수 추천","□ 탐방 계획 비용의 최대 80% 지원(예산 한도 내)※ 한 팀당 지원금액은 1천만원을 초과할 수 없음","□ 서류 심사 및 면접 심사□ 동점그룹에 대한 순위 결정: 서류심사 점수 → 면접심사 점수 →     탐방비용 낮은 순","http://www.sacheon.go.kr","지역연고","공학계열교육계열사회계열예체능계열의약계열인문계열자연계열제한없음","대학(4년제)","대학1학년대학2학년대학3학년대학4학년 이상"
"일본정부(문부과학성)","영리더프로그램","□ 영어","해당없음","해당없음","해당없음","□ 행정/지방행정/경제/법률/의료행정 등의 분야에서 실무 경험이 있는 자 (분야별로 필요한 실무 경험 상이)□ 만 40세 미만인 자□ 국내 대학(학부) 졸업 이상인 자※ 자세한 사항은 기관 담당자에 문의","□ 추천기관의 추천 필요","□ 장학금 월 242000엔(1년 간의 석사과정)□ 수업료□ 도일·귀국여비","해당없음","https://www.kr.embjapan.go.jp","기타","사회계열인문계열","대학(석사)","학사학위 취득자"
"일본정부(문부과학성)","한일 공동 고등교육 유학생 교류사업(석사 박사과정)","○ 일본의 대학에서 연구하기 위해 필요한 일본어 또는     영어 능력 보유자","○ 최종학력의 GPA 성적이 3.0 만점에 2.3점 이상인 자※ 모집분야 : 이공계분야(이학계/공학계/농학계)","해당없음","○ 일본 입국 시 또는 장학금 지급 기간에 현역 군인 또는 군속인 자○ 과거 일본 정부 장학금 유학생이었던 자○ 일본 정부 장학금 제도 중 다른 프로그램과 중복 신청한 자○ 신청시 이미 유학 재류 자격으로 일본 대학 등에 재적 중인 자○ 2025년 9월에 휴학 예정인 자○ 일본에 3년 이상 재류한 자※ 자세한 사항은 첨부파일 참고","○ 대한민국 국적 소지자로 1991년 4월 2일 이후에 출생한 자○ 일본 대학원의 석사과정 또는 박사과정에 입학을 희망하는 자※ 자세한 사항은 첨부파일 참조","○ 재적 대학 또는 최종 출신 대학의 장 또는 담임 교원의 추천장","○ 월 143000엔 ~ 145000엔○ 대학의 입학금+수업료 및 입학 검정료 및 여비○ 일본 입국 여비 및 귀국 여비","○ 필기시험 및 면접시험","https://www.kr.embjapan.go.kr","성적우수","공학계열자연계열특정학과","대학(박사)대학(석사)","박사과정석사1학년석사2학년 이상석사신입생석사학위 취득자학사학위 취득자"
"일본정부(문부과학성)","한일 공동 고등교육 유학생 교류사업(학부 1년 코스)","□ 일본 대학에서 일본어로 이수가 가능한 정도의 일본어 능력을 가진 자","해당없음","해당없음","□ 신청서 제출 시 현역 군인 또는 군속인 자□ 문부과학성 또는 수용 대학이 지정한 기일까지 일본에 입국하지 못한 자□ 과거 일본 정부(문부과학성) 장학금 유학생이었던 자□ 일본 정부의 장학 제도 중 별도의 2024년도 장학금 지급 개시 프로그램과 중복 신청한 자※ 자세한 사항은 첨부파일 참조","□ 대한민국 국적 소지자□ 1994년 4월 2일부터 2006년 4월 1일 사이에 출생한 자□ 일본 입국 및 귀국 시점에서 대한민국 대학 학부에 재학하고 있는 자□ 일본어·일본문화에 관한 분야를 주전공으로 하고 있는 자□ 2024년 9월1일 시점에서 대학에서의 일본어·일본문화 학습기간이 통상 1년 이상인 자※ 자세한 사항은 첨부파일 참조","□ 각 대학의 일본어 및 일본관련학과에서 학과장 또는 대학장 명으로 추천","□ 장학금 월 117000엔□ 대학의 입학금+수업료 및 입학 검정료 및 여비","□ 서류 심사 > 필기시험 > 면접시험※ 자세한 사항은 첨부파일 참조","https://www.kr.embjapan.go.kr","기타","특정학과","대학(4년제)","대학1학년대학2학년대학3학년대학4학년 이상"
"국립국제교육원","스위스 정부초청 장학생(Arts)","□ 영어/프랑스/독일어/이탈리아어","해당없음","해당없음","해당없음","□ 해외유학에 결격사유가 없는 대한민국 국적자□ 석사 학위가 없는 높은 자질의 젊은 예술인□ 1989년 12월 31일 이후 출생자□ 2025년 7월 31일 이전에 학사 학위 또는 이와 동등한 학위를     취득한 자(학위 증명서)※ 자세한 사항은 첨부파일 참조","□ 지원자의 해당 분야 교수 2인의 추천서","□ CHF1920/월□ 주택수당 CHF300 (일회성)※ 자세한 사항은 첨부파일 참조","해당없음","www.niied.go.kr","기타","예체능계열","대학(석사)","학사학위 취득자"
"국립국제교육원","스위스 정부초청 장학생(PhD)","□ 영어/프랑스어/이탈리아어/독일어","해당없음","해당없음","해당없음","□ 석사 학위 또는 이와 동등한 학력 소지자 (2025년 7월 31일 이전 취득)□ 1989년 12월 31일 이후 출생자※ 자세한 사항은 첨부파일 참조","□ 지원자의 전공 분야 교수 2인의 추천서","□ CHF1920/월□ 주택수당 CHF300 (일회성)※ 자세한 사항은 첨부파일 참조","해당없음","www.niied.go.kr","기타","공학계열교육계열사회계열예체능계열의약계열인문계열자연계열제한없음","대학(박사)","석사학위 취득자"
"국립국제교육원","스위스 정부초청 장학생(Postdoctoral)","□ 영어/프랑스어/이탈리아어/독일어","해당없음","해당없음","해당없음","□ 모든 과학 분야의 박사후 과정 수준의 높은 자격을 갖춘 과학자□ 스위스에 가본 적 없는 학생 우선□ 2021년 12월 31일 이후 및 2025년 7월 31일 이전에 박사 학위를 취득한 자※ 자세한 사항은 첨부파일 참조","□ 지원자의 전공 분야 교수 2인의 추천서","□ CHF3500/월□ 주택수당 CHF300 (일회성)","해당없음","www.niied.go.kr","기타","공학계열의약계열자연계열","대학(박사)","박사과장취득자"
"국립국제교육원","스위스 정부초청 장학생(Research fellowships)","□ 영어/프랑스어/이탈리아어/독일어","해당없음","해당없음","해당없음","□ 석사 학위 또는 이와 동등한 학력 소지자   (2025년 7월 31일 이전 취득)□ 1989년 12월 31일 이후 출생자※ 자세한 사항은 첨부파일 참조","□ 지원자의 전공 분야 교수 2인의 추천서","□ CHF1920/월□ 주택수당 CHF300 (일회성)","해당없음","www.niied.go.kr","기타","공학계열교육계열사회계열예체능계열의약계열인문계열자연계열제한없음","대학(박사)","석사학위 취득자"
"국립국제교육원","헝가리 정부초청 장학생(Stipendium Hungaricum)","□ 영어/헝가리어","해당없음","해당없음","□ 헝가리 국적을 가진 이중국적자□ 과거 국립국제교육원 추천자로 선정된 후 또는 최종 합격이 결정된 후 유학을 포기한 자□ 2025년 8월 졸업예정자는 학위취득과정 지원 불가※ 자세한 사항은 기관 홈페이지 참조","□ 교육기관에서 요구하는 교육 언어에 대한 능숙한 수준을 갖춘 자□ 해외유학에 결격사유가 없는 자※ 자세한 사항은 기관 홈페이지 참조","해당없음","□ 학비 면제 / 의료혜택□ 월 생활비 보조금 ㅇ 비학위/학사/석사/석사통합 과정HUF43700 ㅇ 박사과정HUF140000(1차 4학기)/HUF180000(2차 4학기)□ 기숙사 혹은 기숙사비 지원금 제공 / 항공료 미제공","□ 템푸스 공익재단 홈페이지 온라인 지원사이트에서 직접 지원 : apply.stipendiumhungaricum.hu","www.niied.go.kr","기타","공학계열교육계열사회계열예체능계열의약계열인문계열자연계열제한없음","대학(4년제)대학(박사)대학(석사)","대학1학년대학2학년대학3학년대학4학년 이상대학신입생박사과정석사1학년석사2학년 이상석사신입생석사학위 취득자학사학위 취득자"
"국립국제교육원","대만장학금 장학생","□ 화어문능력시험(TOCFL)의 Band B 또는 Band C 성적","해당없음","해당없음","□ 화교 신분 또는 대만 국적 및 대만 영주권 소지자□ 대만 소재 대학에 학적을 두고 있거나 기등록되어 수학 중인 자□ 신청하려는 학위과정과 동급 학위를 대만에서 수료한 자□ 중화민국 영주권 소지자※ 자세한 사항은 첨부파일 참조","□ 고등학교 졸업 이상의 학력 소지자로 학업 성적이 우수하고 행실이 바른 대한민국 국적 소지자","□ 총장/교수/담임교수 등의 추천서 2부","□ 생활비 : 학사 학위과정(월 NT$15000/명) / 석·박사 학위과정   (월 NT$20000/명) 지급□ 수업료 및 기타 납입금 : 매학기 최대 NT$40000/명 지급※ 학사 학위과정 최대 4년/석사 학위과정 최대 2년/박사 학위과정     최대 4년에 한하며 각 장학생의 총 수혜기간은 5년으로 제한","□ 서류 및 면접 심사사","http://www.niied.go.kr/","기타","공학계열교육계열사회계열예체능계열의약계열인문계열자연계열제한없음","대학(4년제)대학(박사)대학(석사)","대학1학년대학2학년대학3학년대학4학년 이상대학신입생박사과정석사1학년석사2학년 이상석사신입생석사학위 취득자학사학위 취득자"
"국립국제교육원","대만 화어문장학금 장학생","해당없음","해당없음","해당없음","□ 대만 국적 소유 또는 화교 신분인 자□ 현재 대만에서 이미 화어문(중국어) 어학연수를 하는 자□ 과거 대만에서 학위과정을 수학한 적이 있는 자□ 과거 화어문장학금 또는 대만장학금 수혜 이력이 있는 자□ 대만 정부 기관(구) 또는 대만 소재 대학교의 기타 장학금 등 이중수혜를 받는 자※ 자세한 사항은 첨부파일 참조","□ 만 18세 이상으로 신청 당시 한국소재 대학에 재학 중인 자로서     학업성적이 우수하고 품행이 단정한 대한민국 국적의 대학생","□ 재학 중인 대학의 추천 필요(재학 대학에서 추천이 가능한지     확인 후 지원 바람)","□ 매월 생활비 NT$28000/명※ 학비 및 기타 납입금/숙식비/보험료를 비롯한 기타 비용은     장학생 본인 부담(대부분 대만 소재 대학은 교내 기숙사를     제공하지 않음)","□ 서류 및 심사사","http://www.niied.go.kr/","기타","공학계열교육계열사회계열예체능계열의약계열인문계열자연계열제한없음","대학(4년제)","대학1학년대학2학년대학3학년대학4학년 이상대학신입생"
"국립국제교육원","쿠웨이트 정부초청 아랍어 어학연수 장학생","□ 아랍어","해당없음","해당없음","□ 학력 수준이 쿠웨이트대학교에서 수학하기 어렵다고 판단되는 경우 자격 미달□ 2025년 8월 졸업예정자 지원 불가□ 쿠웨이트 정부 장학금을 받은 사실이 없어야 함□ 유학 생활 중 물의를 일으키는 경우 자격 박탈 및 귀국 조치 ※ 자세한 사항은 첨부파일 또는 홈페이지 참고","□ 대한민국 국적소지자로서 심신이 건강한 자□ 2025.4.30. 기준 만 18세~ 27세□ 병역법 및 해외 유학에 결격 사유가 없는 자□ 대학교에서 아랍어(아랍학) 관련 정규과정 학점을 취득한 자 또는 아랍어(아랍학) 비정규과정을 이수한 자 또는 어학능력시험 성적을 취득한 자 등 아랍어를 공부한 자","□ 대학교수 2명의 추천서","□ 어학연수비 면제□ 숙식제공□ 왕복항공권 제공□ 생활비 지원※ 현지 사정 및 쿠웨이트 정부 사정에 따라 변경 가능","□ 아래 사항을 고려하여 추천자 선발 ㅇ 아랍어(아랍학) 관련 정규과정(학부) 취득학점 및 평점평균 ㅇ 관련 비정규과정 이수 시간 ㅇ 2024년도 2학기까지 취득한 대학교 학부 성적의 평점평균 ㅇ 영어 어학능력시험(공인) 성적 ㅇ 아랍어 어학능력시험 성적 ㅇ Cover Letter·Study Plan 및 추천서","해당없음","기타","특정학과","대학(4년제)","대학1학년대학2학년대학3학년대학4학년 이상"
"국립국제교육원","독일 정부초청(DAAD) 섬머코스 장학생","□ B1 이상의 독일어 실력","해당없음","해당없음","해당없음","□ 학사 및 석사과정 학생(전공 불문/장학금 수혜 시점에 학사 2학년 이상을 마쳐야 하며 학생으로 등록되어 있어야 함□ 적어도 B1 이상의 독일어 실력","해당없음","□ 장학금 1192 유로 (1회 지급)□ 여행비 775 유로","□ 지원포털에서 온라인 지원□ 인터뷰 없음※ 자세한 사항은 첨부파일 및 홈페이지 참조","http://www.niied.go.kr/","기타","공학계열교육계열사회계열예체능계열의약계열인문계열자연계열제한없음","대학(4년제)대학(석사)","석사1학년석사2학년 이상석사신입생학사학위 취득자"
"국립국제교육원","독일 정부초청(DAAD) 장학생","※ 기관확인필요","○ 건축학 전공분야의 대졸자를 위한 장학금 : 성적 기준 존재※ 자세한 사항은 첨부파일 또는 홈페이지 참고","해당없음","※ 자세한 사항은 기관 홈페이지 참조","※ 지원자격은 프로그램마다 상이하므로 홈페이지 확인 필수","○ 교수 추천","○ 독일 박사과정 장학금/연구장학금 (212개월) : 월 1400유로/연구비 460유로○ 모든 전공분야의 석사과정 장학금 : 월 992유로/연간 학업 지원금 460유로○ 건축학/공연예술/미술·디자인/비주얼 커뮤니케이션·영화/음악 전공분야의 대졸자를 위한 장학금 : 월 992유로※ 자세한 사항은 첨부파일 또는 홈페이지 참고","※ 기관확인필요","http://www.niied.go.kr/","기타","공학계열교육계열사회계열예체능계열의약계열인문계열자연계열제한없음","대학(박사)대학(석사)","박사과장취득자박사과정석사1학년석사2학년 이상석사신입생석사학위 취득자학사학위 취득자"
"국립국제교육원","국비유학생","○ 유학대상국의 상용어 또는 영어 시험 성적이 기준점수(첨부파일 참고)의 하나 이상에 해당하는 자","해당없음","○ 꿈나래 전형의 경우 수급권자·차상위계층·기준중위소득 90%이하에 해당하는 자·한부모지원대상자·장애인에 한하여 응시 가능","○ 원격대학 및 기술대학/학점은행제의 경우 전문학사 학위를 받았거나 받을 예정인 사람은 제외○ 이중국적자의 경우 국비유학 전까지 외국국적을 포기해야 함○ 자격취득과정은 지원불가○ 국비유학 및 국비연수 기 수혜자○ 해외여행에 결격사유가 있는 사람○ 국고 또는 장학재단 등의 국내·외 장학금과 중복수혜 금지※ 자세한 사항은 첨부파일 참조","○ 한국사능력검정시험 3급(기술기능인 전형은 4급) 이상인 사람○ (일반 및 꿈나래 전형)국내대학 졸업자 혹은 2024년 8월말 졸업예정자 또는 이와 같은 수준 이상의 학력이 있는 자○ (기술기능인 전형)특성화고·마이스터고 등을 졸업하고 중소기업에 1년 이상 재직중인 자○ 남자는 군필 또는 면제자※ 자세한 사항은 첨부파일 참조","○ ‘Ⅱ.응시자격  [공통사항]  제1항’에 따른 학교의 교수 또는 ‘Ⅱ.응시자격  [공통사항]  제1항’에 따른 학교의 교수가 아니더라도 응시하려는 세부 전공분야와 연관된 전공 교수 등의 추천※ 일반전형 및 꿈나래전형은 추천서 제출 선택 가능(필수사항 아님)※ 독학자 및 학점은행제 학위취득자/기술기능인 전형은 추천서 미제출","○ 국가별 차이있음. 첨부자료 확인 (장학금은 등록금과 생활비 등을 전부 포함하는 금액이며 최대 1년 단위로 장학금)","○ 1차 서류심사○ 2차 면접시험","http://www.niied.go.kr/","기타","공학계열교육계열사회계열예체능계열의약계열인문계열자연계열제한없음","대학(4년제)대학(박사)대학(석사)","학사학위 취득자"
"국립국제교육원","리투아니아 정부초청 장학생","리투아니아어 또는 영어","해당없음","해당없음","해당없음","※ 유형마다 지원자격 상이하므로 자세한 사항은 기관 홈페이지 참조 및 첨부파일 참조","해당없음","□ 리투아니아어 단기 연구 : 월 825유로□ 단기 연구 : 학석사 학위 학생 월 550유로/박사 학위 학생 월 1100유로□ 석사 학위 과정 : 월 550유로","□ 온라인 지원 시스템에서 직접 지원","http://www.niied.go.kr/","기타","공학계열교육계열사회계열예체능계열의약계열인문계열자연계열제한없음","대학(4년제)대학(박사)대학(석사)","대학1학년대학2학년대학3학년대학4학년 이상박사과장취득자박사과정석사1학년석사2학년 이상석사신입생석사학위 취득자학사학위 취득자"
"PONY정장학재단","해외박사장학","해당없음","해당없음","해당없음","□ 제출된 서류의 내용이 사실과 다른 자□ 장학증서 수여식 개최 시 참석하지 못하는 자□ 퇴학/정학 등 징계나 전공 변경/자퇴 등의 사유로 선발 당시 지원 자격을 충족하지 못한 자","□ 대한민국 국적 소지자 (이중국적 지원 불가)□ 2025년 가을학기 입학 허가 자격요건을 충족 하고 해외 대학원 인문학 분야 박사 과정 지원 예정인 예정인 석사 졸업(예정)생□국내 소재 대학 학사 졸업자 (석사는 무관)□ 인문학 분야 전공(전공명에 문학/어학/철학/사학/한국학 단어 포함)□ 모집공고 종료일 기준 만 35세 이하","□ 지도교수 추천","□ 미국/영국 연간 USD 40000 3년간 지원 (총 USD 120000)□ 유럽/아시아 연간 USD 15000 3년간 지원 (총 USD 45000)","□ 서류심사 및 면접심사","http://www.ponychung.org/","기타","인문계열","대학(박사)","대학4학년 이상박사과정석사학위 취득자"
"재단법인 전남인재평생교육진흥원","해외유학생","□ 영어·일본어·중국어·프랑스어·독일어·스페인어·러시아어 외국어시험 성적이 기준 점수의 하나 이상에 해당하는 사람※ 기준 점수는 첨부파일 참조","□ 전 과정 평균성적(총점 60점 미안 득점자 불합격)","해당없음","□ 국비유학생 시험 합격자로 국비 장학금을 받거나 받을 예정인 사람□ 공고일부터 최종합격자 발표일 기준 지원하고자 하는 학위과정(박사 또는 석박사통합과정) 유학 중인 사람□ 해외여행에 결격사유가 있는 사람□ 병역 미필자의 경우 국외연수 참가에 따른 병역법상의 문제가 있는 사람※ 자세한 사항 홈페이지 참조","□ 공고일 현재 본인 또는 부(모)가 계속해서 2년 이상 전남에 주소를 두고 있으며 도내 소재 초·중·고·대학교 중 하나를 졸업한 사람□ 국내 대학 졸업(예정)자 또는 이와 같은 수준 이상의 학력이 있는 사람/'독학에 의한 학위취득에 관한 법률'에 따른 독학자/학점은행제로 학사학위를 취득한 사람(전문학사 학위는 제외)※ 자세한 사항 홈페이지 참조","□ 학과장 추천 필요","□ 최대 1억원(2년간 분할)","□ 서류심사 및 면접심사","http://www.jntle.kr/main","기타지역연고","공학계열교육계열사회계열예체능계열의약계열인문계열자연계열제한없음","대학(박사)대학(석사)","박사과정석사1학년석사2학년 이상석사신입생석사학위 취득자학사학위 취득자"
"프랑스대사관교육진흥원","France Excellence","□ 불어 또는 영어로 작성 또는 번역된 서류만 가능","해당없음","해당없음","□ 기존에 블레즈 파스칼 또는 France Excellence 장학금 수혜를 받은 적 있는 자□ 타 장학금(한국정부/기업 등) 또는 공공 또는 사립 기관의 재정지원 프로그램에 이미 선발된 경우 및 박사 계약 또는 근로계약을 맺은 박사과정 지원자의 경우 본 장학금 지원 불가","□ 2025년 9월 프랑스 고등교육기관 및 이공계/상경계 그랑제꼴 박사 과정 또는 석사 1·2학년 입학 예정자□ 석사과정 지원자의 경우 1997년 1월 1일 이후 출생자□ 박사과정 지원자의 경우 1991년 1월 1일 이후 출생자※ 예외적으로 관련 직장 경력이나 특별한 사유가 있을 시 위의 나이 제한에 해당하지 않는 지원 서류도 심사 가능","해당없음","□ 매달 생활비 (석사과정 860유로/박사과정 1690유로)□ 한국프랑스 왕복 항공권□ 대학 기숙사 배정 (정원 제한) 기숙사 비용은 학생 부담□ Etudes en France 행정비용 면제□ 석사 1년차는 최대 24개월/석사 2년차는 최대 12개월/박사과정은 최대 36개월 지원","□ 공학/기초과학/상경계 순으로 우선 선발□ 서류심사 > 심사위원 면접□ 심사위원단 : 한국 및 프랑스 대학 및 사회경제계 관계자/주한 프랑스대사관 관계자","http://www.coree.campusfrance.org/","기타","공학계열사회계열자연계열","대학(박사)대학(석사)","박사과정석사1학년석사2학년 이상석사신입생석사학위 취득자학사학위 취득자"
"아셈듀오장학재단","듀오코리아장학금","□ ASEM 유럽 회원 30개국※ 자세한 사항은 첨부파일 참조","해당없음","해당없음","□ 지원서 작성 당시 한국 학생이 한국에 체류하지 않거나 유럽학생이 유럽에 체류하지 않은 경우 지원할 수 없음□ 지원기간 이전에 이미 상대 교육기관에서 교류를 시작하고 교류중인 학생은 지원불가□ 신청학점이 어학/스포츠 과목제외 10학점(20ECTS)미만□ 신청서에 기재한 학점이 선정 후 제출하는 성적표의 학점과 다른경우","□ 교류를 원하는 한국과 유럽교육기관 사이에 교류협정을 체결한 자□ 한국의 교육기관이 교류예정자(한국국적학생)을 미리 선정하고 교류에 대해 유럽교육기관이 사전에 동의해야 함□ 교류예정자를 미리 선정하고 양측 교육기관이 해당 교류예정자들의 맞교환에 합의한 경우※ 자세한 사항은 첨부파일 참조","□ 대학 추천","□ 최대 4개월(1학기)교류시 1인당 4000유로 지원(1000유로/1월)※ 교류기간이 4개월보다 줄어든 경우에는 줄어든 기간과 비례하여 줄어든 장학금을 지원함","※ 자세한 사항은 첨부파일 참고","http://www.asemduo.org","기타","공학계열교육계열사회계열예체능계열의약계열인문계열자연계열제한없음","대학(4년제)대학(박사)대학(석사)전문대(2~3년제)","대학1학년대학2학년대학3학년대학4학년 이상대학신입생박사과장취득자박사과정석사1학년석사2학년 이상석사신입생석사학위 취득자학사학위 취득자"
"플라톤아카데미","인문지혜 장학생","□ 영어로 수업을 듣고 커뮤니케이션이 가능한 학생","□ 종합성적 3.5 이상 (4.5만점)","해당없음","□ 해외여행에 결격 사유 없고 미국 비자 발급이 안되는 자□ 2026년 8월 졸업생□ 활동기간 중 교환학생 혹은 1개월 이상의 전일제 근로 및 해외연수 예정자□ 대학원생","□ 인문학적 관심을 가지고 사회에 기여하고자 하는 학생□ 전국 4년제 대학교에 재학 중인 학생□ 해외여행 결격 사유 없는 자□ 미국 비자 받을 수 있는 자□ 발대식 및 OT 참여 가능한 자","□ 대학교수·출신 고등학교 은사 등의 추천","□ PAN+ 동문 커뮤니티 Acorn Club 네트워킹 기회 제공□ 국내 공공기관 및 지자체 주최 인문학 행사 참여 및 탐방 기회 제공□ 미국 스탠퍼드 대학교 2주 방문 프로그램 참여 기회 제공□ 6개 지역 11개 지관서가 연계 인문 프로그램 참여 특전전","□ 서류심사 + 영어 면접 + 최종 면접","https://www.platonacademy.org","기타","공학계열교육계열사회계열예체능계열의약계열인문계열자연계열제한없음","대학(4년제)","대학1학년대학2학년대학3학년대학4학년 이상"
"경상남도장학회","대학생 단기 해외연수생","□ 영어(TOEIC 기준) 600점 이상(토익스피킹/토플/텝스 등도 가능)※ 자세한 사항은 첨부파일 참조","□ 1학년 : 25학년도 수능 또는 고교31학기 4과목(국·영·수·사/과) 중 3과목 평균 4등급 이내 □ 2~4학년 : 전년도 2개 학기 평균 학점 3.0 이상","□ 한국장학재단 국가장학금 학자금 지원구간 6구간 이내□ 사회취약계층 학생(장애인/다자녀·한부모·소년소녀·조손·다문화가정/보호종료아동 등)은 선택서류 제출","□ 도 해외연수('17~'19 '24) 기 참여자□ 휴학생 및 대학원생□ 정규 학제 기간을 초과하여 재학 중인 자□ 정학 퇴학 등 징게처분 받은 자□ 2025년 경상남도장학회 타 장학사업 수혜자","□ 모집 공고일 기준 본인 및 보호자가 도내 1년 이상 주민등록을 둔 도내 대학 재학생 1~4학년 건축학 전공자는 1~5학년년","해당없음","□ 미국 토슨대학교(메릴랜드) 4주 어학연수 수업료·항공료·체제비 등 실비 지원","□ 1차 서류심사 후 별도 위원회를 구성하여 2차 면접심사를 통한 종합 평가로 최종 선발□ 해외여행 등 경험문화 취약계층 서류심사 가점 부여※ 자세한 사항은 첨부파일 참조","www.gyeongam.go.kr","기타","공학계열교육계열사회계열예체능계열의약계열인문계열자연계열제한없음","대학(4년제)","대학1학년대학2학년대학3학년대학4학년 이상대학신입생"
"한국전문대학교육협의회","전문대학 글로벌현장학습","□ 토익 550점 이상 토익스피링 NH 등급※ 자세한 사항은 홈페이지 참고","□ (일반전형 및 취업연계 유아교육트랙) 누계 평점 3.0/4.5 이상인 자","해당없음","□ 외국인 및 이중국적자 참여 불가□ 동해연도 정부 및 지방자치단체 유사사업(인턴사업) 중복 참여 불가□ 동일인의 동 사업 참여 불가□ 비자발급 등 글로벌 현장학습에 결격사유가 있는 학생","□ 신청일 기준 2학기 이상 수료한 전문대학 재학생(복학예정자 포함)□ 일정 기준 이상의 언어 능력 제출가능자(첨부파일 참고)□ 정부 재정지원 가능 대학","※ 기관확인필요","□ 4~6개월 간의 교육비/실습비/숙박비 등※ 현장학습의 모든 비용을 지원하는 것은 아님※ 자세한 사항은 각 학교 관련부서에 문의","※ 자세한 사항은 기관 담당자에 문의","https://kcce.or.kr","기타","공학계열교육계열사회계열예체능계열의약계열인문계열자연계열제한없음","전문대(2~3년제)","대학2학년대학3학년"
"관정재단","국외유학장학생","○ 미국·중국·일본·싱가폴·홍콩·영국·독일·프랑스·이탈리아·호주·캐나다·러시아·스위스·네덜란드·덴마크·벨기에·스웨덴 총 17개국과 세계대학평가기관의 100위 순위안에 드는 대학(본교)를 가진 국가○ 미국/영국/호주/캐나다 : TOEFL IBT 105점 이상 또는 IELTS(Academic) : 7.0 이상○ 중국 : 신 HSK 필기 6급 또는 회화 고급○ 일본 : 신 JLPT : N1○ 그 외 국가 : 진학대학에서 요구하는 해당국가의 어학성적 또는 어학능력 충족 시 지원가능","해당없음","해당없음","○ 국비장학금 및 기타장학재단 장학금 이중수혜 금지○ 장학생으로 선정된 이후 재학 중 또는 졸업 후의 진로가 로스쿨 및 의학전문대학원 등의 특수 대학원으로 변경 시○ 해외대학 재학생은 지원불가","○ 대한민국 단일 국적 보유자로서 대한민국 초중등교육법이 인정하는 고등학교를 졸업한 자※ 학부모 국외근무로 부득이하게 국외에서 수학한 경우 예외○ 국외유학장학생선발규정시행규칙 우수대학<별표2> 및 우수전공<별표3미국대학원 한함>에 해당하는 자○ 학교로부터 입학허가를 받거나 조건부 입학을 허가 받은 자※ 자세한 사항은 첨부파일 참조","○ 최종학력이 고교졸업이거나 고교재학 중인 자 : 담임교사 또는 진학상담교사 추천서○ 최종학력이 대학졸업이상인 자 : 이전 과정에서의 지도교수의 추천서※ 1차 온라인 심사 합격자에 한함","○ 14000~60000 USD(지급 상한액)※장학금 지급액은 대상국가(지역)와 대학의 등록금 및 생활비(재단내규에 따름) 합산한 금액으로 TA/ RA 등 학교지원금 등을 반영되어 산정하되 재단에서 정하고 있는 국가별/과정별 지급상한액 내에서 지급","○ 1차 온라인 지원/심사→2차 전문심사→3차 면접심사","http://www.ikef.or.kr/","기타","공학계열사회계열예체능계열인문계열자연계열","대학(4년제)대학(박사)대학(석사)","대학1학년대학2학년대학3학년대학4학년 이상대학신입생박사과정석사1학년석사2학년 이상석사신입생석사학위 취득자학사학위 취득자"
"CJ문화재단","CJFulbright 음악 대학원(석·박사) 프로그램","○ 2026년 2월까지 유효한 TOEFL iBT 또는 IELTS Academic 점수 소지자  TOEFL iBT 65점 또는 IELTS 5.5점 이상  TOEFL iBT의 경우 My Best Score 인정하지 않음","○ 지원일 기준 학부 및 대학원 학위 과정별 전학년 평균학점 기준을 충족한 지원자  충족 학점 기준: 3.0/4.0  3.225/4.3  3.375/4.5 이상","해당없음","○ 지원서 제출 시점 기준 최근 6년간 미국에 5년 이상 연속적으로 체류한 자○ 2026년 8월 이전 미국 대학원에 진학할 예정인 자○ Diploma 또는 certificate 과정에 지원하는 자○ 소지한 학위와 동일하거나 하위 학위 과정에 지원하는 자※ 자세한 사항은 첨부파일 참조","○ 대한민국 국민○ 4년제 대학 기졸업자 또는 2026년 2월 학사학위 취득 예정자○ 소지한 학위보다 상위 학위 과정에 지원하는 자○ 대중음악 분야 및 재즈 유관 전공 진학 예정자○ 풀브라이트 J1 비자 발급 가능한 자※ 자세한 사항은 첨부파일 참조","○ 최근 졸업 및 재학 교육기관의 담당 교수 추천","○ 학비 및 생활비  1년차 최대 $55000  2년차 최대 $55000  3년차 최대 $10000○ 가족수당  가족 1인 동반 시 월 $200 지급. 2인 동반 시 월 $350 지급  매년 거주기간 요건 충족 확인 후 최대 2년간 지급○ 미국무부 의료보험 (본인만 해당)○ 왕복 국제항공권 (본인만 해당)","○ 1차 서류심사  2차 실연심사  3차 심층 인터뷰  풀브라이트&한미교육위원단 온라인 지원  최종 선정","https://www.cjazit.org","특기자","특정학과","대학(박사)대학(석사)","박사과정석사1학년석사2학년 이상석사신입생석사학위 취득자학사학위 취득자"
"인슐레이션코리아드림재단","캐나다 장학생","해당없음","해당없음","해당없음","○ 장학금 수여식 미참석시 합격 취소","○ 캐나다에 거주하고 있는 고등학생/대학생/대학원생(박사과정 제외)○ 학업 성적이 우수한 자 또는 저소득층 자녀","○ 교회목사·교수·교사·의사 등의 추천","○ 1200 캐나다 달러","해당없음","https://www.ikdream.kr","기타","공학계열교육계열사회계열예체능계열의약계열인문계열자연계열제한없음","고등학교대학(4년제)대학(석사)","고등1학년고등2학년고등3학년대학1학년대학2학년대학3학년대학4학년 이상대학신입생석사1학년석사2학년 이상"
"횡성인재육성장학회","열정키움장학생","※ 기관확인필요","해당없음","해당없음","○ 대학원생 지원불가○ 2026년도 예체능 미래인재 장학생 제외 (이외 본 장학재단 타 장학금은 지급 받았어도 중복 지원 가능)","○ 신청일 현재 본인 또는 보호자가 1년 이상 횡성군에 주소를 두고 있는 유학생○ 외국 대학교 재학생 및 입학예정자","해당없음","○ 300만원","○ 1차 서류심사○ 2차 PPT발표○ 3차 심층면접 심사※ 자세한 사항은 첨부파일 또는 홈페이지 참고","https://www.hssf.or.kr/","지역연고","공학계열교육계열사회계열예체능계열의약계열인문계열자연계열제한없음","대학(4년제)전문대(2~3년제)","대학1학년대학2학년대학3학년대학4학년 이상대학신입생"
"사단법인 점프","우아한 사장님 자녀 장학금(해외유학생)","해당없음","○ 재학중인 과정의 직전학기까지 평균성적이 만점의 80%이상인 자○ 편입학생의 경우 편입 전 학교의 전 학년 성적을 기준으로 함","해당없음","○ 사업자등록상 내 종목 중 일반 유흥주점/무도 유흥 주점업 제외○ 신입학생 제외(신입학생은 최초학기 재학생 및 입학예정자를 뜻함)○ 박사과정의 경우 수업연한이 정해져 있지 않아 남은 학기를 규정 및 증명하기 어려울 수 있으므로 지도교수 추천서를 통해 본인의 1년 이상 수학계획 증명해야 함","○ 외식업주 자녀 : 장학생 모집 공고일 기준 외식업을 운영하고 있는 부모의 대학생 자녀※ 사업자등록증 상 업태가 음식점·일반음식점·휴게음식업점·프랜차이즈체인화 음식점 중 하나인 곳○ 해외 대학(원)에 재학하고 있는 자(학사·석사·박사과정)로 남은 학기가 2학기 이상인 자","○ 지도교수 추천 설문(학부과정 신청자는 선택사항)","○ 1인당 1000만원","○ 서류 심사 > 면접 심사","https://woowa.janghak.org","기타","공학계열교육계열사회계열예체능계열의약계열인문계열자연계열제한없음","대학(4년제)대학(박사)대학(석사)","대학1학년대학2학년대학3학년박사과정석사1학년"
"재)화성시인재육성재단","해외유학장학금","※ 기관확인필요","해당없음","해당없음","해당없음","○ 본인 또는 부모·친권자 중 1명이 화성시에 주민등록을 두고 1년이상 계속 거주○ 세계대학 순위 400위 이내 또는 세계 전공 순위 50위 이내 대학에 재학중인 학사 학부생 또는 입학예정자○ 소속 대학 국제교류부 담당부서를 통해 선발된 학생으로 국내 및 파견교 정규학기 학점이 인정되는 교환/방문학생						","해당없음","○ 아시아 400만원/ 비아시아 600만원","○ 자격요건 심사/ 서류 심사/면접 심사○ 심사기준: 생활정도(50점) 거주기간(10점) 글로벌역량(20점) 성장가능성(20점)","https://www.hstree.org","지역연고","공학계열교육계열사회계열예체능계열의약계열인문계열자연계열제한없음","대학(4년제)전문대(2~3년제)","대학1학년대학2학년대학3학년대학4학년 이상"
"국립국제교육원","GKS글로벌코리아장학금","*자세한 내용은 기관 확인 필요","백분율 환산 점수 80이상 또는 석차 상위 20%이내종합평균평점(CGPA)2.64/1.0  2.91/4.5 3.23/5.0","*자세한 내용은 기관 확인 필요","한국 소재 학교의 온라인 과정을 졸업한 사람은 지원 불가한국 소재 학교의 마지막 학년에 재학 중인 사람은 지원 불가*자세한 내용은 기관 확인 필요","네팔 국적을 보유한 자고등학교 졸업(예정) 자","*자세한 내용은 기관 확인 필요","등록금 학기당 500만원 한도(입학금은 수학대학 부담)어학연수비 520만원(4회분)입*출국 항공료 실비(항공권)학업장려음학부(어학):12800천 원/연학부(학위): 13600천 원/연연","*자세한 내용은 기관 확인 필요","https://overseas.mofa.go.kr/npko/brd/m_1715/view.doseq=1347300","성적우수","해당없음","대학(박사)대학(석사)","학사학위 취득자"
"국립국제교육원","부르나이 정부초청 장학생","*자세한 내용은 기관 확인 필요","GCE'O'레벨 시험에서 6학점을 받거나 IGCSE 영어(제2외국어)에서 C등급을 받거나 IELTS 6.0점 또는 TOEFL 최소 550점 이상의 영어 구사 능력","*자세한 내용은 기관 확인 필요","학부&전문학사 학위 프로그램의 경우 25세 대학원 석사 학위 프로그램의 겨우 35세를 초과하지 않음.브루나이 국민 브루나이 영주권자 및 브루나이 고등교육기관에서 유학 중이거나 유학 경험이 잇는 유학생은 장학금 수혜대상 제외","*자세한 내용은 기관 확인 필요","*자세한 내용은 기관 확인 필요","학비 왕복항공료 생활비 식비 서적구입비 등","*자세한 내용은 기관 확인 필요","http://www.niied.go.kr/user/nd83075.doView&boardNo=00010464","기타성적우수","해당없음","대학(박사)대학(석사)","학사학위 취득자"
"국립국제교육원","한미대학생연수(WEST)","※ 기관확인필요","○ 단기 WEST(최장 6개월) TOEIC 800점 이상 또는 GTELP Level2 76점 이상 OPIc IM2 이상 또는 TOEIC Speaking IM2 이상 또는 GTELP Speaking Level6 이상등※ 자세한 사항은 첨부파일 또는 홈페이지 참고","해당없음","○ 복수국적자 및 외국 소재 대학(교) 학생○ WEST 프로그램 기 지원자 중 참가비 납부 마감 이후 포기자○ WEST 프로그램 기 참가자","○ 대한민국 국적 소지자로서 미국 비자 발급에 결격샤유가 없는 자○ 지원 시점 기준 4년제 대학 4학기(전문대 2학ㄱ) 이상 이수한 재·휴학생○ 어학연수 시작일 기준 최근 1년 이내 졸업생(26.2월/8월 졸업자)","○ 소속 대학의 지원자 추천","○ 단기 WEST(6개월) : 약 760만원~2470만원 (지원구간에 따라 지원 금액 상이)○ 중기 WEST(12개월) : 약 990만원~3360만원 (지원구간에 따라 지원 금액 상이)※ 자세한 사항은 첨부파일 또는 홈페이지 참고","○ 취업취약계층/지방대생(캠퍼스 기준)/이공계생/전문대생 지원자 우대선발(서류 전형 시)※ 자세한 사항은 첨부파일 또는 홈페이지 참고","http://www.niied.go.kr/user/nd81540.do","기타성적우수","공학계열교육계열사회계열예체능계열의약계열인문계열자연계열제한없음","대학(4년제)전문대(2~3년제)","대학2학년대학3학년대학4학년 이상"
"전주인재육성재단","전주시글로벌인재양성영어능력강화사업","어학자격증 : TOEIC TOEFL TEPS IELTS 등ㅇ공고일 기준 2년 이내에 취득한 어학자격증(접수마감일 취득분까지 인정)인정범위 : TOEIC 기준(TOEIC 이외 성적은 TOEIC 환산점수로 인정)","직전학기(20242학기) 성적이 B+이상인 자 ","국민기초생활보장수급자 1500만원 한도 내 100% 지원","ㅇ장기치료를 요하거나 건강상 이유 등으로 정상적인 연수활동이 어렵다고 판단되는 학생ㅇ학교생활 태도가 불량하여 타인에게 피해를 줄 수 있다고 판단되는 학생ㅇ1세대 1명 신청원칙으로 지원제한ㅇ2024년 글로벌 인재양성 영어능력강화사업 연수생","공고일 기준 전주시에 주소를 두고 3년 이상 계속 거주하고 있는 전주시민의 자녀로서 전북특별자치도 관내 고등학교를 졸업한 대학생 또는 고등학교 검정고시 졸업자격을 합격한 대학생","해당없음","1인당 1350만원 이내 지원","ㅇ1차심사(서류심사) : 성적(30%) + 어학자격증(20%) + 생활정도(20%) + 가산점(1.5%)ㅇ2차심사(면접심사) : 면접심사(30%)ㅇ최종 선발 : 1차(서류심사)+2차(면접점수) 합산점수 순으로 선발         ※ 자세한 사항은 홈페이지 참고     ","https://www.jinjae.kr/main/idx","기타성적우수소득구분지역연고","공학계열교육계열사회계열예체능계열의약계열인문계열자연계열제한없음","대학(4년제)전문대(2~3년제)","대학1학년대학2학년대학3학년대학4학년 이상대학신입생"
"진안사랑장학재단","해외유학장학생","※ 기관확인필요","해당없음","해당없음","○ 방송대학·통신대학·방송통신대학 및 사이버대학 재학생○ 만학도(만 30세 이상)○ 정규 학제 기간을 초과하여 재학 중인 자○ 일반/특기/복지 장학생 중복 신청 불가","○ 본인 또는 그의 보호자(부·모)가 2025.1.1 부터 진안군에 계속하여 주민등록이 되어있는 자○ 2년제 이상 대학교에 재학중인 자○ 장학금 수령 후 지역 환류사업 참여가 가능한 자○ 대학생Ⅰ  관내 중학교와 고등학교 모두를 졸업한 자○ 대학생Ⅱ  관외 중학교 또는 고등학교를 졸업한 자※ 자세한 사항은 첨부파일 또는 홈페이지 참고","해당없음","○ 대학생Ⅰ  등록금을 초과하지 아니한 범위 내에서 최대 400만원 ○ 대학생Ⅱ  등록금을 초과하지 아니한 범위 내에서 최대 200만원","※ 기관확인필요","http://www.jinan.go.kr","지역연고","공학계열교육계열사회계열예체능계열의약계열인문계열자연계열제한없음","대학(4년제)전문대(2~3년제)","대학1학년대학2학년대학3학년대학4학년 이상대학신입생"
"일본정부(문부과학성)","전수학교 유학생","※ 기관확인필요","해당없음","해당없음","○ 일본 유학 경험자 제한○ 현재 일본 재류 중인 자※ 자세한 사항은 첨부파일 또는 홈페이지 참고","○ 2002년 4월 2일 이후 출생한 대한민국 국적 소지자○ 학교교육 12년 과정 수료 또는 일본의 고교 과정 수료자(예정)와 동등한 자격을 가진 자※ 자세한 사항은 첨부파일 또는 홈페이지 참고","해당없음","○ 학비 및 항공요금 외 매월 약 117000엔","○ 필기시험 : 일본어/영어/수학(각 100점 만점)※ 각 분야별 성적 상위자 선발○ 면접※ 자세한 사항은 첨부파일 또는 홈페이지 참고","https://niied.go.kr/web/main/nid/niied_board/5694","기타","해당없음","고등학교","고등1학년고등2학년고등3학년"
"일본정부(문부과학성)","학부 유학생","※ 기관확인필요","해당없음","해당없음","○ 일본 유학 경험자 제한○ 현재 일본 재류 중인 자 제한※ 자세한 사항은 첨부파일 또는 홈페이지 참고","○ 2002년 4월 2일 이후 출생한 대한민국 국적 소지자○ 학교교육 12년 과정 수료 또는 일본의 고교 과정 수료자(예정자)와 동등한 자격을 가진 자※ 자세한 사항은 첨부파일 또는 홈페이지 참고","해당없음","○ 학비 및 항공요금 외 매월 약 117000엔","○ 필기시험○ 면접※ 자세한 사항은 첨부파일 또는 홈페이지 참고","https://niied.go.kr/web/main/nid/niied_board/5695","기타","해당없음","고등학교","고등1학년고등2학년고등3학년"
"재단법인 대전청년내일재단","외국인유학생장학금","※ 기관확인필요","○ 2025년도 1학기 평점이 B0 이상","해당없음","○ 징계(제적/정학)처분 및 타 도시로 전학하였을 때○ 장학금을 받기 위한 허위 기재 등 사실이 밝혀진 때○ 휴학생/수료생/초과 학기 및 직전 학기 12학점 미만 취득자○ 교육부 비인가 학교/원격대학 및 한국방송통신대학교 등 재학 중인 자○ 2025년도 2학기 전액장학금 수혜자○ 재외한국인","○ 선발공고일 현재 대전 소재 대학 정규학부과정에 재학 중인 외국인 유학생","○ 대학교 총장 추천","○ 최대 80만원","○ 직전학기 성적 50% TOPIKⅡ성적 30% 추천서 20%※ TOPIKⅡ성적의 유효기간이 공고일 포함한 2년 이내 성적만 인정※ 동점자 발생 시 학업성적 > TOPIKⅡ성적 > 고학년 순 결정","http://www.dhrdf.or.kr/html/kr/","기타","공학계열교육계열사회계열예체능계열의약계열인문계열자연계열제한없음","대학(4년제)전문대(2~3년제)","대학1학년대학2학년대학3학년대학4학년 이상"
"경산시장학회","외국인유학생장학금","※ 기관확인필요","해당없음","해당없음","○ 휴학생 지원 불가○ 직전년도 기 수혜자","○ 공고일 현재 계속해서 1년이상 경산시에 외국인등록이 되어 있는 자○ 경산시 관내 대학에 재학중인 D2 비자발급 외국인 유학생","○ 총장 추천","○ 50만원","※ 기관확인필요","http://www.gsijhh.co.kr/","지역연고","공학계열교육계열사회계열예체능계열의약계열인문계열자연계열제한없음","대학(4년제)","대학1학년대학2학년대학3학년대학4학년 이상대학신입생"
"김희경유럽정신문화장학재단","국내대학학부생 석박사과정생 유럽대학 어학연수","※ 기관확인필요","해당없음","해당없음","○ 타 재단에서 장학금 수혜를 받고 있는 경우○ 현지에서 시간제 부업이나 장·단기 취업을 하는 경우○ 외국 국적자 또는 복수국적 소지자○ 2025년 2학기 휴학생 또는 유럽 현지 체류자※ 자세한 사항은 첨부파일 또는 홈페이지 참고","○ 학부생 : 유럽인문학 및 이와 연관된 학문 전공자○ 석·박사 과정생 : 문학/어학/사학/철학/인류학/고고학/고전문헌학/종교학/미학/문화학 등 석·박사 과정생○ 법학/정지학/사회학/심리학 전공 중 철학/사상 관련 석·박사 과정생○ 영국을 제외한 유럽국가 어학연수자로서 지도교수의 추천을 받은 자※ 자세한 사항은 첨부파일 또는 홈페이지 참고","○ 지도교수 추천","○ (학부생/석사과정생) 1년 2400만원/항공비 150만원○ (박사과정생) 1년 2640만원/항공비150만원","○ 서류 심사 > 면접 심사 > 이사회 추인","http://www.khk.or.kr","기타","예체능계열인문계열","대학(4년제)대학(박사)대학(석사)","대학1학년대학2학년대학3학년대학4학년 이상박사과정석사1학년석사2학년 이상석사신입생"
"백운장학회(광양)","유학장학생","※ 기관확인필요","해당없음","해당없음","○ 장학금 신청자와 그 부모가 지방세를 체납 중인 경우○ 장학금의 이중·허위 수혜 등 기타 부정행위가 적발된 경우○ 등록금과 수업료가 면제되거나 전액을 지원받는 육·해·공군사관학교/간호사관학교/경찰대학 등의 학생","○ 공고일 기준 부모 또는 보호자가 광양시에 1년 이상 주소를 둔 자 본인에 한하여 관외 거주 인정 부모 모두가 주소를 광양시에 두고 있어야 함 부 또는 모의 사망 / 부모가 이혼한 경우에는 현재 보호자의 주소지를 적용○ 국외 전문대·대학·대학원(석사과정)에 재학 중인 자","해당없음","○ 인당 250만원※ 생활비 지원으로 이중수혜 가능","○ 성적 50% + 소득 50%○ 성적 평가: 최종학기 성적○ 소득 평가: 기준중위소득 환산점수","http://www.gwangyang.go.kr/fund/","지역연고","공학계열교육계열사회계열예체능계열의약계열인문계열자연계열제한없음","대학(4년제)대학(석사)전문대(2~3년제)","대학1학년대학2학년대학3학년대학4학년 이상대학신입생석사1학년석사2학년 이상석사신입생석사학위 취득자학사학위 취득자"
"재단법인 기독교대한감리회장학재단","해외 유학생 장학금","※ 기관확인필요","해당없음","해당없음","※ 기관확인필요","○ 해외에 유학하고 있는 감리교인○ 해외에 유학 중인 학/석/박사 과정에 있는 재학생※ 신학전공자는 박사과정(Ph.D 혹은 Th.D)에 있는 학생만 신청 가능○ 체류국이 인정하는 풀타임 학생※ 자세한 사항은 첨부파일 또는 홈페이지 참고","○ 담임목사 및 지도교수 추천※ 자세한 사항은 첨부파일 또는 홈페이지 참고","○ 200만원","※ 기관확인필요","http://kmc.or.kr","기타","공학계열교육계열사회계열예체능계열의약계열인문계열자연계열제한없음","대학(4년제)대학(박사)대학(석사)","대학1학년대학2학년대학3학년대학4학년 이상대학신입생박사과장취득자박사과정석사1학년석사2학년 이상석사신입생석사학위 취득자학사학위 취득자"
"김희경유럽정신문화장학재단","국내대학 석박사과정생 유럽대학 연수","※ 기관확인필요","해당없음","해당없음","○ 타 장학재단에서 장학금 수혜를 받고 있는 경우○ 현지에서 시간제 부업이나 장단기취업을 하는 경우○ 외국 국적자 또는 복수국적 소지자※ 자세한 사항은 첨부파일 또는 홈페이지 참고","○ 문학/어학/사학/철학/인류학/고고학/고전문헌학/종교학/미학/문화학/연극학/영화학/음악학/미술사학 전공 등 석·박사 과정생○ 법학/정치학/사회학/심리학 전공 중 철학 및 사상 관련 석·박사 과정생○ 유럽대학 연수자로서 지도교수의 추천을 받은 자※ 자세한 사항은 첨부파일 또는 홈페이지 참고","○ 지도교수 추천","○ (석사과정생) 1년 2400만원/항공비 150만원○ (박사과정생) 1년 2640만원/항공비 150만원","○ 서류심사 > 면접심사 > 이사회결의","http://www.khk.or.kr","기타","예체능계열인문계열","대학(박사)대학(석사)","박사과정석사1학년석사2학년 이상석사신입생"
"아시아발전재단","엄마나라 유학 장학지원","※ 기관확인필요","해당없음","해당없음","○ 타 기관 및 단체 장학금 수혜자 중복지원 불가○ 휴학기간 장학금 지급 중단/복학 시 재지급※ 자세한 사항은 첨부파일 또는 홈페이지 참고","○ (From Motherland) 아시아 권역 엄마나라(중국·일본 제외)에 거주하며 한국 대학으로 진학 또는 교환학생으로 연수 계획이 있는 결혼이주민 자녀○ (To Motherland) 한국에 거주하며 아시아 권역 엄마나라(중국·일본 제외) 대학에 진학 예정이거나 현재 학업 중인 자(교환학생 포함)※  두 전형 중 반드시 하나만 선택하여 지원","해당없음","○ 250만원","○ 서류심사○ 면접심사","http://www.asiadf.org/","기타","공학계열교육계열사회계열예체능계열의약계열인문계열자연계열제한없음","대학(4년제)","대학1학년대학2학년대학3학년대학4학년 이상대학신입생"
"제천시인재육성재단","유학장학생","※ 기관확인필요","해당없음","해당없음","※ 기관확인필요","○ 세명대학교·대원대학교 총장 추천 자","○ 총장 추천","○ 100만원 (생활비 지원)","○ 세명대학교 및 대원대학교 총장으로부터 유학장학생 대상 학생 명단을 통보 받아 확인 절차를 거쳐 선발","http://www.jcbrain.kr/","지역연고","공학계열교육계열사회계열예체능계열의약계열인문계열자연계열제한없음","대학(4년제)","대학1학년대학2학년대학3학년대학4학년 이상대학신입생"
"김희경유럽정신문화장학재단","국내대학학부생 및 석박사과정생 유럽대학 국제교류 교환학생연수","※ 기관확인필요","해당없음","해당없음","○ 타 장학재단에서 장학금 수혜를 받고 있는 경우○ 현지에서 시간제 부업이나 장·단기 취업을 하는 경우○ 외국 국적자 또는 복수국적 소지자○ 2025년 2학기 휴학생 또는 유럽 현지 체류자○ 영국 이외 대학에서 해당국의 언어가 아닌 영어로 진행되는 강의를 수강하는 경우※ 자세한 사항은 첨부파일 또는 홈페이지 참고","○ 학부생 : 유럽인문학 및 이와 연관된 학문 전공자○ 석·박사 과정생 : 문학/어학/사학/철학/인류학/고고학/고전문헌학/종교학/미학/문화학/연극학/영화학 등 석·박사 과정생○ 법학/정치학/사회학/심리학 전공 등 석·박사 과정생○ 유럽대학 국제교류 교환학생으로서 지도교수의 추천을 받은 자※ 자세한 사항은 첨부파일 또는 홈페이지 참고","○ 지도교수 추천","○ (학부생/석사과정생) 1년 2400만원/항공비 150만원○ (박사과정생) 1년 2640만원/항공비 150만원","○ 서류심사 > 면접심사 > 이사회추인","http://www.khk.or.kr","기타","예체능계열인문계열","대학(4년제)대학(박사)대학(석사)","대학1학년대학2학년대학3학년대학4학년 이상박사과정석사1학년석사2학년 이상석사신입생"
"배재장학재단","대학생해외연수장학생","※ 기관확인필요","○ 전 학년 성적이 백분율 환산점수 평균 90점 이상인 자","해당없음","○ 등록금 납부금액 100만원 미만인 자 지원제한○ 신입생 동창회 가입비 미 납부자 지원제한(미 납부자 학생은 추가 납부 가능)※ 자세한 사항은 첨부파일 또는 홈페이지 참고","○ 배재대학교 2년 이상 재학 중인 학생○ 연수 시 원활한 의사소통(글자·언어)이 가능한 어학능력 보유자(공인 어학능력 성적 증명서 제출)○ 해외여행에 결격사유가 없는 자※ 자세한 사항은 첨부파일 또는 홈페이지 참고","해당없음","○ 총 1천 5백만원","※ 기관확인필요","http://www.pcu.ac.kr","기타성적우수","공학계열교육계열사회계열예체능계열의약계열인문계열자연계열제한없음","해당없음","대학2학년대학3학년대학4학년 이상박사과정석사2학년 이상"
"계룡시애향장학회","대학생 국외연수 장학생","※ 기관확인필요","해당없음","해당없음","○ 원격대학 재학생○ 2년 미만 교육과정의 각종학교 재학생○ 평생교육법에 의거 설립된 학교 재학생※자세한 내용은 홈페이지 참고","○ 공고일 기준 1년 전부터 계속하여 부모 또는 본인의 주민등록이 계룡시에 등록된 학생○ 관내 초중고등학교 중 1개교 졸업","해당없음","○ 1인 520만원○ 자부담 100만원※자세한 내용은 홈페이지 참고","○ 1차 필기○ 2차 면접○ 1차 필기시험으로 1.5배수 내외 선발 후 필기시험 점수와 면접심사 점수 합산하여 최종 선발","https://gyeryong.go.kr/kr/","지역연고","공학계열교육계열사회계열예체능계열의약계열인문계열자연계열제한없음","대학(4년제)전문대(2~3년제)","대학1학년대학2학년대학3학년대학4학년 이상대학신입생"
"재단법인은평구민장학재단","해외연수장학생","※ 기관확인필요","해당없음","○ 2026년 1학기 학자금 지원 소득구간 8구간 이내","※ 기관확인필요","○ 공고일 현재 주민등록 기준 은평구 2년 이상 계속 거주 대학생○ 비자 발급·건강 사정 등 해외여행에 결격 사유가 없는 자○ ESTA 발급에 결격 사유가 없는 자○ 기본 영어 가능자로 원활한 해외 연수 참여 가능한 자","해당없음","○ 왕복 항공권○ 대학 프로그램 참가비○ 기숙사비(1일 1식 포함)","○ 서류 심사 및 면접 심사","http://www.epjh.or.kr","지역연고","공학계열교육계열사회계열예체능계열의약계열인문계열자연계열제한없음","고등학교대학(4년제)대학(박사)대학(석사)전문대(2~3년제)제한없음","대학1학년대학2학년대학3학년대학4학년 이상대학신입생"
"(재)인천인재평생교육진흥원","대학생해외연수장학생","※ 기관확인필요","○ 신입생: 고등학교 3학년 2학기 내신 평균 등급이 4등급 이내○ 재학생: 직전학기 성적 평점 4.5만점 기준 3.3 이상 (4.3만점 기준 3.1 이상)","해당없음","○ 사내대학 및 학점은행제 대학/해외대학 제외○ 한 가구 내 2인 이상 지원 시 먼저 접수된 1인만을 심사○ 2024년~2025년도 재단 해외 프로그램(연수/배낭연수/봉사) 참가자 제외○ 2026년도 재단 해외 프로그램(연수/배낭연수/봉사) 및 장학금 중복 수혜 불가○ 해외여행 결격 사유가 있는 자","○ 현재 본인 또는 부모의 주민등록상 주소지가 인천광역시○ 인천광역시 내 대학교 재학생은 주민등록 주소지 제한 없음○ 본인이 기초생활수급자/차상위계층/한부모가족/자립준비청년/다문화가정/국가유공자 중 1개 이상 해당자","해당없음","○ 어학연수 교육비/숙박비(기숙사)/식비(1일2식)(주말제외)/항공료/여행자 보험료 등","○ 서류심사○ 면접심사","http://www.janghakin.or.kr","지역연고","공학계열교육계열사회계열예체능계열의약계열인문계열자연계열제한없음","고등학교대학(4년제)대학(박사)대학(석사)전문대(2~3년제)제한없음","대학1학년대학2학년대학3학년대학4학년 이상대학신입생"
"이영주한중인재양성장학재단","한중미래리더장학금(한국인)","※ 기관확인필요","○ 전년도 기준 전체 학년 백분위 성적 85점 이상인 학생 (입학예정자는 그 전 과정 1년 성적)○ 중국어능력시험 HSK 5급 이상인 학생","해당없음","○ 2027년 2월 졸업예정자 제외○ 장학금 지급 결격사유 발생 시 해당 사실 인지하면 장학금 반납※ 자세한 사항은 첨부파일 또는 홈페이지 참고","○ 한국 국적자로 중국 대학교 또는 대학원 입학예정자/재학생","○ 교수 추천","○ 연 200만원 (학기당 100만원)※ 1년 후 재심사","○ 1차 서면 평가(온라인)○ 2차 면접 심사 (서울)","http://leeyjfoundation.com","기타","공학계열교육계열사회계열예체능계열의약계열인문계열자연계열제한없음","대학(4년제)대학(박사)대학(석사)전문대(2~3년제)","대학1학년대학2학년대학3학년대학4학년 이상대학신입생박사과정석사1학년석사2학년 이상석사신입생"
"진안사랑장학재단","대학생 해외 어학연수 지원사업","※ 기관확인필요","해당없음","해당없음","○ 방송대학/ 통신대학/ 방송통신대학 및 사이버대학에 재학중인 자○ 직업전문학교/ 학점은행제 등에 재학중인 자","○ 학생 본인 또는 그의 보호자(부·모)가 2025.1.1.부터 진안군에 계속하여 주민등록이 되어있는 자○ 현재 2년제 이상 대학교에 현재 재학중인 자○ 24년 10월 1일 이후에 종료한 대학교 주관 해외어학연수/국제교류 프로그램에 참여한 자※ 자세한 사항은 첨부파일 또는 홈페이지 참고","해당없음","○ 연수비용의 50%지원 (1인당 최대 200만원)※ 자세한 사항은 첨부파일 또는 홈페이지 참고","○ 학부성적(50점) + 어학성적(50점)/ 가산점(5점)※ 자세한 사항은 첨부파일 또는 홈페이지 참고","https://www.jinan.go.kr/index.jinancontentsSid=1379","지역연고","공학계열교육계열사회계열예체능계열의약계열인문계열자연계열제한없음","대학(4년제)전문대(2~3년제)","대학1학년대학2학년대학3학년대학4학년 이상대학신입생"
"일본정부(문부과학성)","사비 외국인유학생 학습장려비","□ 일본어","해당없음","해당없음","해당없음","□ 일본학생지원기구가 매년 6월 및 11월에 실시하는 일본유학시험을 수험하는 자로 당년도 9월부터 차년도 4월 또는 10월까지 일본의 대학학부/단기대학/고등전문학교(3학년 이상)/전수학교 전문과정(이하 '해당 교육기관')에 정규생으로 입학하는 자□ 일본유학시험을 수험하는 사람※ 자세한 사항은 홈페이지 참고","해당없음","□ 월 48000엔※ 연도에 따라 변경될 수 있습니다.","□ 입학 예정의 학교가 신청(학생 본인으로부터의 신청은 접수하고 있지 않음)※ 자세한 사항은 기관 홈페이지 참조","https://jasso.or.kr","해당없음","해당없음","해당없음","해당없음"
"국립국제교육원","불가리아 정부초청 장학생","해당없음","해당없음","해당없음","해당없음","○ 학사 과정 지원자 : 고등학교 졸업자○ 석사/박사 과정 지원자 : 대학(원) 학위 취득자※ 자세한 사항은 첨부파일 참조","해당없음","○ 전문교육 개시 전 수업료 면제 및 전문어학연수 무료 제공○ 관련 규정에 따른 숙박 및 장학금 제공","○ 원본 제출서류 주한불가리아 대사관으로 우편 제출","www.niied.go.kr","해당없음","해당없음","해당없음","해당없음"
"서울미래인재재단","서울인재해외교환학생장학금","※ 기관확인필요","○ 전체 학년 성적 평균 85점 이상인 학생","○ 기초생활수급자/차상위계층/2024년 2학기 또는 2025년 1학기 한국장학재단 학자금 지원구간 중 복지자격 및 1~4구간","○ 비서울권 대학 및 전문대학/원격대학(사이버대·방통대)/기술대학/(직업)전문학교/평생교육원 전문과정/2년제 이하 각종학교/시간제 등○ 장학증서 수여식 비참석자(무단불참 시 장학금 자동 취소)※ 자세한 사항은 첨부파일 참조","○ 대한민국 국적자이며 서울 소재 4년제 대학·전문대학·전공대학의 정규학기 학부생○ 2025년 1·2학기 모두 정규학기인 재(휴)학생○ 2025년 2학기 국내 소속 대학에서 파견하는 해외 교환학생 선정(예정) 학생○ 성적기준 및 소득기준 모두 충족한 자","해당없음","○ 아시아 : 400만원○ 비아시아 : 550만원※ 학업장려금 성격","○ 1단계 사무국심사○ 2단계 서류심사○ 3단계 면접심사○ 4단계 장학생 선정위원회 종합 심의","http://www.hissf.or.kr","해당없음","해당없음","해당없음","해당없음"
"한미교육위원단","험프리 저널리스트 장학 프로그램","*자세한 내용은 기관 확인 필요","TOEFL iBT:71점 이상/ IELTS Academic: 6.0이상*자세한 내용은 기관 확인 필요","*자세한 내용은 기관 확인 필요","미국에서 2학기 이상 대학원 과정을 이수한 자미국에서 3년을 초과해 체류한 자장학금 개시 시점 이전 조기 출국 게획이 있는 자*자세한 내용은 기관 확인 필요","대한민국 국민으로 미국 이중국적자나 미국 영주권자가 아닌 지원자일정 수준의 영어 실력을 갖춘 지원자2025년 7월 말 기준 학사 학위 취득 후 국내 언론기관에서 최소 5년 이상의 정규직 실무 경력이 있는 중견 기자로 소속기관의 기관장 추천을 받을 수 있는 지원자*자세한 내용은 기관 확인 필요","기관장","월 생활비정착비전문성 개발 지원비미국무부 의료보험:연간 달러/100000 상당의 혜택 등*자세한 내용은 기관 확인 필요","*자세한 내용은 기관 확인 필요","https://www.fulbright.or.kr/grant/humphrey/","성적우수","해당없음","해당없음","해당없음"
"한미교육위원단","영어교사 미국학 장학프로그램","*자세한 내용은 기관 확인 필요","2025년 2월까지 유효한 TOEFL iBT 또는 IELTS Academic 점수 소시자등*자세한 내용은 기관 확인 필요","*자세한 내용은 기관 확인 필요","수혜 기간 중 출산 예정자한미교육위원단 온라인 지원서 제출 시점 기준 최근 6년간 미국에 5년 이상 연속적으로 체류한자한미교육위원단 온라인 지원서제출 시점에 미국에 체류 중인 자등*자세한 내용은 기관 확인 필요","대한민국 국민지원 당시 국/공립 및 사립 학교에 재직 중인 정교사 1급 교원자격증 소지자학교장으로부터 허가 및 추천을 받을 수 있는 자해외 체류 결격 사유가 없으며 장학 기간 동안 해외 생활이 가능한 자","학교장","교육비숙식비왕복 국제항공료의료보험*자세한 내용은 기관 확인 필요","*자세한 내용은 기관 확인 필요","https://www.fulbright.or.kr/grant/asp/","성적우수","해당없음","해당없음","해당없음"
"아셈듀오장학재단","듀오스웨덴장학금","해당없음","해당없음","해당없음","□ 교류기간동안 학교에 등록이 되어어있어야 함□ 1학기 미만의 교류는 허용되지 않음","□ 스웨덴 대학(원)생(EU국적) + 국내 대학(원)생(아시아국적) 2인 1조□ 대학 간 교류 협정 체결 필수","해당없음","□ 한 학기(4개월) 교류 시 1인당 3500유로 지급","※ 자세한 사항은 첨부자료 및 홈페이지 참고","http://www.asemduo.org","해당없음","해당없음","해당없음","해당없음"
"국립국제교육원","중국 정부초청 장학생","□ 인문 계열 : 신HSK 5급 210점 이상을 취득한 자□ 이공계 및 예체능 계열 : 신HSK 5급 180점 이상을 취득한 자□ 공통 : 공인영어시험(TOEFL/IELTS/TEPS/TOEIC/OPIC/TOEIC SPEAKING)을 갖춘 자※ 자세한 사항은 첨부파일 참고","□ 석사과정 : 학부과정 평균 80% 이상□ 박사과정 : 학부 및 석사과정별 평균 80% 이상","해당없음","□ 2025년 8월 졸업 예정자□ 중국정부초청장학금 기 수혜자(어학연수는 제외)□ 해외여행에 결격 사유가 있는 자□ 중국 국적을 소지한 이중국적자□ 과거 국립국제교육원 추천자로 선정된 후 또는 최종 합격이 결정된 후 유학을 포기한 자※ 자세한 사항은 첨부파일 참고","□ 한국 국적 소지자로 국내대학 졸업자 또는 이와 동등하거나 그 이상의 학력이 있다고 인정되는 자□ 석사과정 : 학사학위 소지자/지원마감일 기준 만 35세 이하□ 박사과정 : 석사학위 소지자/지원마감일 기준 만 45세 이하※ 한국사 능력 검정시험 3급 이상자 우대","□ 교수 또는 부교수 2인의 추천 필요","□ 학비면제 및 종합의료보험 지원 등□ 생활비 : 학사 과정 월 2500위안/석사과정 월 3000위안/박사과정 월 3500위안 □ 기타 : 기숙사 혹은 기숙사비 지원금 제공 항공료 등 여비 개인부담","□ 온라인지원(관련자료 업로드)완료 후 자료 이메일 송부※ 자세한 사항은 첨부파일 또는 홈페이지 공지사항 참고 ","http://www.niied.go.kr/","해당없음","해당없음","해당없음","해당없음"
"울릉군인재육성재단","미국고등학교 교환학생 입학지원금","해당없음","해당없음","해당없음","○ 보호자가 울릉군 관외로 거주지 이전○ 첨부서류가 허위로 작성 제출한 경우○ 장학생이 퇴학하였거나 출석정지 이상의 징계처분을 받았을 때※ 자세한 사항은 기관 홈페이지 참조","○ 울릉고등학교 재학생 중 미국 내 고등학교에 교환학생으로 선발되어 입학한 자","해당없음","○ 500만원 (입학 시 1회)","해당없음","http://www.ulleungjh.or.kr","해당없음","해당없음","해당없음","해당없음"
"국립국제교육원","이탈리아 정부초청 장학생","○ 이탈리아어로 진행되는 과정 : 이탈리아어 CEFR B2 level 이상○ 영어로 진행되는 과정 : 영어 CEFR B2 level 이상","해당없음","해당없음","해당없음","○ 석사 과정 : 학사 학위 이수자○ AFAM(예술·음악·무용 고등교육 과정) : 해당 연구소에서 정한 입학 요건과 학업자격 충족○ 박사 과정 : 해당 대학에서 정한 입학 요건과 학업 자격 충족※ 자세한 사항은 첨부파일 참조","해당없음","○ 3~9개월간 보조금 지원※ 자세한 사항은 첨부파일 참조","해당없음","http://www.niied.go.kr","해당없음","해당없음","해당없음","해당없음"
